{
  "_AUTHOR": "github.com/ramses-eltany",

  "border": "#4C566A",
  "cursor": "#88C0D0",

  "terminalTooSmallError": "#BF616A",
  "terminalSizeCurrect": "#88C0D0",

  "browserMode": "#D08770",
  "selectMode": "#88C0D0",

  "sideBarTitle": "#81A1C1",
  "sideBarItem": "#E5E9F0",
  "sideBarSelected": "#88C0D0",
  "sideBarFocus": "#B48EAD",

  "filePanelFocus": "#D8DEE9",
  "filePanelTopFolderIcon": "#88C0D0",
  "filePanelTopPath": "#88C0D0",
  "filePanelItem": "#E5E9F0",
  "filePanelItemSelected": "#BF616A",

  "bottomBarFocus": "#B48EAD",

  "processBarSideLine": "#4C566A",
  "processBarGradient": ["#81A1C1", "#BF616A"],
  "inOperation": "#8FBCBB",
  "done": "#88C0D0",
  "fail": "#BF616A",
  "cancel": "#D8DEE9",

  "modalForeground": "#E5E9F0",
  "modalCancel": "#4C566A",
  "modalConfirm": "#BF616A"
}
