{
  "_AUTHOR": "github.com/MHNightCat",

  "border": "#868686",
  "cursor": "#8EC07C",
  "backgroundWindow": "#282828",

  "terminalTooSmallError": "#fb4934",
  "terminalSizeCurrect": "#8ec07c",

  "sideBarTitle": "#CC241D",
  "sideBarItem": "#EBDBB2",
  "sideBarSelected": "#E8751A",
  "sideBarFocus": "#D79921",

  "filePanelFocus": "#FFF1C5",
  "filePanelTopFolderIcon": "#8EC07C",
  "filePanelTopPath": "#458588",
  "filePanelItem": "#EBDBB2",
  "filePanelItemSelected": "#D3869B",

  "bottomBarFocus": "#D79921",

  "processBarSideLine": "#D8D8D8",
  "processBarGradient": ["#689d6a", "#fb4934"],
  "inOperation": "#468588",
  "done": "#8ec07c",
  "fail": "#FF6969",
  "cancel": "#838383",

  "modalForeground": "#EBDBB2",
  "modalCancel": "#6D6D6D",
  "modalConfirm": "#FF4D00"
}
